{"learner":{"attributes":{"best_iteration":"0","best_score":"1.0"},"feature_names":[],"feature_types":[],"gradient_booster":{"model":{"cats":{"enc":[],"feature_segments":[],"sorted_idx":[]},"gbtree_model_param":{"num_parallel_tree":"1","num_trees":"16"},"iteration_indptr":[0,1,2,3,4,5,6,7,8,9,10,11,12,13,14,15,16],"tree_info":[0,0,0,0,0,0,0,0,0,0,0,0,0,0,0,0],"trees":[{"base_weights":[-1.239139E-2,-1.19967915E-1,5.9768724E0,5.9924656E-1,-7.499821E-2],"categories":[],"categories_nodes":[],"categories_segments":[],"categories_sizes":[],"default_left":[0,0,0,0,0],"id":0,"left_children":[1,-1,3,-1,-1],"loss_changes":[3.3042523E4,0E0,8.513086E1,0E0,0E0],"parents":[2147483647,0,0,2,2],"right_children":[2,-1,4,-1,-1],"split_conditions":[1E0,-1.19967915E-1,1.0023006E0,5.9924656E-1,-7.499821E-2],"split_indices":[1,0,3,0,0],"split_type":[0,0,0,0,0],"sum_hessian":[4.644683E3,3.8769346E3,7.6774835E2,7.660817E2,1.6666027E0],"tree_param":{"num_deleted":"0","num_feature":"5","num_nodes":"5","size_leaf_vector":"1"}},{"base_weights":[-2.4234055E-2,-1.1770495E-1,3.7351594E0,3.742848E-1,-7.459354E-2],"categories":[],"categories_nodes":[],"categories_segments":[],"categories_sizes":[],"default_left":[0,0,0,0,0],"id":1,"left_children":[1,-1,3,-1,-1],"loss_changes":[2.0163135E4,0E0,4.040918E1,0E0,0E0],"parents":[2147483647,0,0,2,2],"right_children":[2,-1,4,-1,-1],"split_conditions":[1E0,-1.1770495E-1,1.0023006E0,3.742848E-1,-7.459354E-2],"split_indices":[2,0,3,0,0],"split_type":[0,0,0,0,0],"sum_hessian":[4.6504224E3,3.5595698E3,1.0908528E3,1.0891488E3,1.7039636E0],"tree_param":{"num_deleted":"0","num_feature":"5","num_nodes":"5","size_leaf_vector":"1"}},{"base_weights":[-3.277947E-2,-1.1573298E-1,2.882544E0,2.8865498E-1,-6.4932376E-2],"categories":[],"categories_nodes":[],"categories_segments":[],"categories_sizes":[],"default_left":[0,0,0,0,0],"id":2,"left_children":[1,-1,3,-1,-1],"loss_changes":[1.4855397E4,0E0,1.9719727E1,0E0,0E0],"parents":[2147483647,0,0,2,2],"right_children":[2,-1,4,-1,-1],"split_conditions":[1E0,-1.1573298E-1,1.0023006E0,2.8865498E-1,-6.4932376E-2],"split_indices":[2,0,3,0,0],"split_type":[0,0,0,0,0],"sum_hessian":[4.529239E3,3.2689026E3,1.2603362E3,1.2590908E3,1.2453414E0],"tree_param":{"num_deleted":"0","num_feature":"5","num_nodes":"5","size_leaf_vector":"1"}},{"base_weights":[-3.852452E-2,-1.1400717E-1,2.4100163E0,2.4134652E-1,-6.563546E-2],"categories":[],"categories_nodes":[],"categories_segments":[],"categories_sizes":[],"default_left":[0,0,0,0,0],"id":3,"left_children":[1,-1,3,-1,-1],"loss_changes":[1.17475625E4,0E0,1.5875488E1,0E0,0E0],"parents":[2147483647,0,0,2,2],"right_children":[2,-1,4,-1,-1],"split_conditions":[1E0,-1.1400717E-1,1.0023006E0,2.4134652E-1,-6.563546E-2],"split_indices":[2,0,3,0,0],"split_type":[0,0,0,0,0],"sum_hessian":[4.353474E3,3.003015E3,1.350459E3,1.3491545E3,1.3045384E0],"tree_param":{"num_deleted":"0","num_feature":"5","num_nodes":"5","size_leaf_vector":"1"}},{"base_weights":[-3.349639E-2,-1.1249087E-1,2.1078951E0,2.1102731E-1,-5.816561E-2],"categories":[],"categories_nodes":[],"categories_segments":[],"categories_sizes":[],"default_left":[0,0,0,0,0],"id":4,"left_children":[1,-1,3,-1,-1],"loss_changes":[9.70793E3,0E0,1.0195801E1,0E0,0E0],"parents":[2147483647,0,0,2,2],"right_children":[2,-1,4,-1,-1],"split_conditions":[1E0,-1.1249087E-1,1.0023006E0,2.1102731E-1,-5.816561E-2],"split_indices":[2,0,3,0,0],"split_type":[0,0,0,0,0],"sum_hessian":[4.151748E3,2.7504097E3,1.4013384E3,1.4003157E3,1.02269E0],"tree_param":{"num_deleted":"0","num_feature":"5","num_nodes":"5","size_leaf_vector":"1"}},{"base_weights":[-4.3434724E-2,-1.1115434E-1,1.8969975E-1],"categories":[],"categories_nodes":[],"categories_segments":[],"categories_sizes":[],"default_left":[0,0,0],"id":5,"left_children":[1,-1,-1],"loss_changes":[8.100223E3,0E0,0E0],"parents":[2147483647,0,0],"right_children":[2,-1,-1],"split_conditions":[1E0,-1.1115434E-1,1.8969975E-1],"split_indices":[2,0,0],"split_type":[0,0,0],"sum_hessian":[3.9062393E3,2.5197002E3,1.386539E3],"tree_param":{"num_deleted":"0","num_feature":"5","num_nodes":"3","size_leaf_vector":"1"}},{"base_weights":[-3.53643E-2,-1.0997399E-1,1.7405324E-1],"categories":[],"categories_nodes":[],"categories_segments":[],"categories_sizes":[],"default_left":[0,0,0],"id":6,"left_children":[1,-1,-1],"loss_changes":[6.9730386E3,0E0,0E0],"parents":[2147483647,0,0],"right_children":[2,-1,-1],"split_conditions":[1E0,-1.0997399E-1,1.7405324E-1],"split_indices":[1,0,0],"split_type":[0,0,0],"sum_hessian":[3.6869941E3,2.3055525E3,1.3814417E3],"tree_param":{"num_deleted":"0","num_feature":"5","num_nodes":"3","size_leaf_vector":"1"}},{"base_weights":[-3.7198037E-2,-1.0892644E-1,1.6212356E0,1.6245271E-1,-7.264044E-2],"categories":[],"categories_nodes":[],"categories_segments":[],"categories_sizes":[],"default_left":[0,0,0,0,0],"id":7,"left_children":[1,-1,3,-1,-1],"loss_changes":[6.0233906E3,0E0,1.1533691E1,0E0,0E0],"parents":[2147483647,0,0,2,2],"right_children":[2,-1,4,-1,-1],"split_conditions":[1E0,-1.0892644E-1,1.0023006E0,1.6245271E-1,-7.264044E-2],"split_indices":[1,0,3,0,0],"split_type":[0,0,0,0,0],"sum_hessian":[3.4502183E3,2.1112441E3,1.338974E3,1.337407E3,1.5670224E0],"tree_param":{"num_deleted":"0","num_feature":"5","num_nodes":"5","size_leaf_vector":"1"}},{"base_weights":[-4.662902E-2,-1.07995026E-1,1.5277961E0,1.5307014E-1,-6.7642055E-2],"categories":[],"categories_nodes":[],"categories_segments":[],"categories_sizes":[],"default_left":[0,0,0,0,0],"id":8,"left_children":[1,-1,3,-1,-1],"loss_changes":[5.184657E3,0E0,9.12207E0,0E0,0E0],"parents":[2147483647,0,0,2,2],"right_children":[2,-1,4,-1,-1],"split_conditions":[1E0,-1.07995026E-1,1.0023006E0,1.5307014E-1,-6.7642055E-2],"split_indices":[1,0,3,0,0],"split_type":[0,0,0,0,0],"sum_hessian":[3.1848435E3,1.9230367E3,1.2618068E3,1.260451E3,1.3557259E0],"tree_param":{"num_deleted":"0","num_feature":"5","num_nodes":"5","size_leaf_vector":"1"}},{"base_weights":[-4.563407E-2,-1.07166104E-1,1.452107E0,1.4552064E-1,-6.838458E-2],"categories":[],"categories_nodes":[],"categories_segments":[],"categories_sizes":[],"default_left":[0,0,0,0,0],"id":9,"left_children":[1,-1,3,-1,-1],"loss_changes":[4.5394624E3,0E0,8.945801E0,0E0,0E0],"parents":[2147483647,0,0,2,2],"right_children":[2,-1,4,-1,-1],"split_conditions":[1E0,-1.07166104E-1,1.0023006E0,1.4552064E-1,-6.838458E-2],"split_indices":[1,0,3,0,0],"split_type":[0,0,0,0,0],"sum_hessian":[2.9519768E3,1.7520322E3,1.1999446E3,1.198524E3,1.4204745E0],"tree_param":{"num_deleted":"0","num_feature":"5","num_nodes":"5","size_leaf_vector":"1"}},{"base_weights":[-4.524123E-2,-1.06425546E-1,1.3903104E0,1.393376E-1,-6.661863E-2],"categories":[],"categories_nodes":[],"categories_segments":[],"categories_sizes":[],"default_left":[0,0,0,0,0],"id":10,"left_children":[1,-1,3,-1,-1],"loss_changes":[3.9917925E3,0E0,8.0703125E0,0E0,0E0],"parents":[2147483647,0,0,2,2],"right_children":[2,-1,4,-1,-1],"split_conditions":[1E0,-1.06425546E-1,1.0023006E0,1.393376E-1,-6.661863E-2],"split_indices":[2,0,3,0,0],"split_type":[0,0,0,0,0],"sum_hessian":[2.7267708E3,1.5949019E3,1.1318689E3,1.1305062E3,1.362748E0],"tree_param":{"num_deleted":"0","num_feature":"5","num_nodes":"5","size_leaf_vector":"1"}},{"base_weights":[-4.4950422E-2,-1.0576367E-1,1.3391448E0,1.3420098E-1,-6.297291E-2],"categories":[],"categories_nodes":[],"categories_segments":[],"categories_sizes":[],"default_left":[0,0,0,0,0],"id":11,"left_children":[1,-1,3,-1,-1],"loss_changes":[3.5024414E3,0E0,6.800293E0,0E0,0E0],"parents":[2147483647,0,0,2,2],"right_children":[2,-1,4,-1,-1],"split_conditions":[1E0,-1.0576367E-1,1.0023006E0,1.3420098E-1,-6.297291E-2],"split_indices":[2,0,3,0,0],"split_type":[0,0,0,0,0],"sum_hessian":[2.4967812E3,1.4419794E3,1.0548018E3,1.0535872E3,1.2146478E0],"tree_param":{"num_deleted":"0","num_feature":"5","num_nodes":"5","size_leaf_vector":"1"}},{"base_weights":[-4.9167883E-2,-1.05172016E-1,1.296281E-1],"categories":[],"categories_nodes":[],"categories_segments":[],